{
  "model_name": "bert-base-uncased",
  "num_labels": 150,
  "train_examples": 15000,
  "validation_examples": 3000,
  "test_examples": 4500,
  "validation_accuracy": 0.957,
  "validation_macro_f1": 0.9566262951023706,
  "test_accuracy": 0.9511111111111111,
  "test_macro_f1": 0.9510406927398193
}