{
  "accuracy":0.4177777778,
  "macro_f1":0.2095731158
}