{
  "accuracy":0.2188888889,
  "macro_f1":0.0452908647
}